timestamp,open,high,low,close,volume,adjclose
1672704000,243.08,245.75,237.4,239.58,25740000.0,235.24
1672790400,232.28,232.87,225.96,229.1,50623400.0,224.95
1672876800,227.2,227.55,221.76,222.31,39585600.0,218.28
1672963200,223.0,225.76,219.35,224.93,43613600.0,220.86
1673222400,226.45,231.24,226.41,227.12,27369800.0,223.01
1673308800,227.76,231.31,227.33,228.85,27033900.0,224.7
1673395200,231.29,235.95,231.11,235.77,28669300.0,231.5
1673481600,235.26,239.9,233.56,238.51,27269500.0,234.19
1673568000,237.0,239.37,234.92,239.23,21333300.0,234.9
1673913600,237.97,240.91,237.09,240.35,29831300.0,236.0
1674000000,241.57,242.38,235.52,235.81,30028700.0,231.54
1674086400,233.78,235.52,230.68,231.93,28623000.0,227.73
1674172800,234.86,240.74,234.51,240.22,35389800.0,235.87
1674432000,241.1,245.17,239.65,242.58,31934000.0,238.19
1674518400,242.5,243.95,240.44,242.04,40234400.0,237.66
1674604800,234.48,243.3,230.9,240.61,66526600.0,236.25
1674691200,243.65,248.31,242.0,248.0,33454500.0,243.51
1674777600,248.99,249.83,246.83,248.16,26498900.0,243.66
1675036800,244.51,245.6,242.2,242.71,25867400.0,238.31
1675123200,243.45,247.95,242.95,247.81,26541100.0,243.32
1675209600,248.0,255.18,245.47,252.75,31259900.0,248.17
1675296000,258.82,264.69,257.25,264.6,39940400.0,259.81
1675382400,259.54,264.2,257.1,258.35,29077300.0,253.67
1675641600,257.44,258.3,254.78,256.77,22518000.0,252.12
1675728000,260.53,268.77,260.08,267.56,50841400.0,262.71
1675814400,273.2,276.76,266.21,266.73,54686000.0,261.9
1675900800,273.8,273.98,262.8,263.62,42375100.0,258.84
1675987200,261.53,264.09,260.66,263.1,25818500.0,258.33
1676246400,267.64,274.6,267.15,271.32,44630900.0,266.41
1676332800,272.67,274.97,269.28,272.17,37047900.0,267.24
1676419200,268.32,270.73,266.18,269.32,28922400.0,265.1
1676505600,264.02,266.74,261.9,262.15,29603600.0,258.05
1676592000,259.39,260.09,256.0,258.06,30000100.0,254.02
1676937600,254.48,255.49,251.59,252.67,28397400.0,248.71
1677024000,254.09,254.34,250.34,251.51,22491100.0,247.57
1677110400,255.56,256.84,250.48,254.77,29219100.0,250.78
1677196800,249.96,251.0,248.1,249.22,24990900.0,245.32
1677456000,252.46,252.82,249.39,250.16,21190000.0,246.24
1677542400,249.07,251.49,248.73,249.42,22491000.0,245.52
1677628800,250.76,250.93,245.79,246.27,27565300.0,242.41
1677715200,246.55,251.4,245.61,251.11,24808200.0,247.18
1677801600,252.19,255.62,251.39,255.29,30760100.0,251.29
1678060800,256.43,260.12,255.98,256.87,24109800.0,252.85
1678147200,256.3,257.69,253.39,254.15,21473200.0,250.17
1678233600,254.04,254.54,250.81,253.7,17340200.0,249.73
1678320000,255.82,259.56,251.58,252.32,26653400.0,248.37
1678406400,251.08,252.79,247.6,248.59,28333900.0,244.7
1678665600,247.4,257.91,245.73,253.92,33339700.0,249.94
1678752000,256.75,261.07,255.86,260.79,33620300.0,256.71
1678838400,259.98,266.48,259.21,265.44,46028000.0,261.28
1678924800,265.21,276.56,263.28,276.2,54768800.0,271.88
1679011200,278.26,283.33,276.32,279.43,69527400.0,275.06
1679270400,276.98,277.48,269.85,272.23,43466600.0,267.97
1679356800,274.88,275.0,269.52,273.78,34558700.0,269.49
1679443200,273.4,281.04,272.18,272.29,34873300.0,268.03
1679529600,277.94,281.06,275.2,277.66,36610900.0,273.31
1679616000,277.24,280.63,275.28,280.57,28172000.0,276.18
1679875200,280.5,281.46,275.52,276.38,26840200.0,272.05
1679961600,275.79,276.14,272.05,275.23,21878600.0,270.92
1680048000,278.96,281.14,278.41,280.51,25087000.0,276.12
1680134400,284.23,284.46,281.48,284.05,25053400.0,279.6
1680220800,283.73,289.27,283.0,288.3,32766000.0,283.79
1680480000,286.52,288.27,283.95,287.23,24883300.0,282.73
1680566400,287.23,290.45,285.67,287.18,25824300.0,282.68
1680652800,285.85,287.15,282.92,284.34,22064800.0,279.89
1680739200,283.21,292.08,282.03,291.6,29770300.0,287.03
1681084800,289.21,289.6,284.71,289.39,23103000.0,284.86
1681171200,285.75,285.98,281.64,282.83,27276600.0,278.4
1681257600,284.79,287.01,281.96,283.49,27403400.0,279.05
1681344000,283.59,289.9,283.17,289.84,24222700.0,285.3
1681430400,287.0,288.48,283.69,286.14,20987900.0,281.66
1681689600,289.93,291.6,286.16,288.8,23836200.0,284.28
1681776000,291.57,291.76,287.01,288.37,20161800.0,283.86
1681862400,285.99,289.05,284.54,288.45,17150300.0,283.93
1681948800,285.25,289.03,285.08,286.11,23244400.0,281.63
1682035200,285.01,286.27,283.06,285.76,21676400.0,281.29
1682294400,282.09,284.95,278.72,281.77,26611000.0,277.36
1682380800,279.51,281.6,275.37,275.42,45772200.0,271.11
1682467200,296.7,299.57,292.73,295.37,64599200.0,290.75
1682553600,295.97,305.2,295.25,304.83,46462600.0,300.06
1682640000,304.01,308.93,303.31,307.26,36446700.0,302.45
1682899200,306.97,308.6,305.15,305.56,21294100.0,300.78
1682985600,307.76,309.18,303.91,305.41,26404400.0,300.63
1683072000,306.62,308.61,304.09,304.4,22360800.0,299.63
1683158400,306.24,307.76,303.4,305.41,22519900.0,300.63
1683244800,305.72,311.97,304.27,310.65,28181200.0,305.79
1683504000,310.13,310.2,306.09,308.65,21318600.0,303.82
1683590400,308.0,310.04,306.31,307.0,21340800.0,302.19
1683676800,308.62,313.0,307.67,312.31,30078000.0,307.42
1683763200,310.1,311.12,306.26,310.11,31680200.0,305.26
1683849600,310.55,310.65,306.6,308.97,19758100.0,304.13
1684108800,309.1,309.9,307.59,309.46,16336500.0,304.62
1684195200,309.83,313.71,309.83,311.74,26730300.0,306.86
1684281600,312.29,314.43,310.74,314.0,24315000.0,309.76
1684368000,314.53,319.04,313.72,318.52,27276000.0,314.22
1684454400,316.74,318.75,316.37,318.34,27529500.0,314.04
1684713600,318.6,322.59,318.01,321.18,24115700.0,316.84
1684800000,320.03,322.72,315.25,315.26,30797200.0,311.0
1684886400,314.73,316.5,312.61,313.85,23384900.0,309.61
1684972800,323.24,326.9,320.0,325.92,43301700.0,321.52
1685059200,324.02,333.4,323.88,332.89,36630600.0,328.39
1685404800,335.23,335.74,330.52,331.21,29503100.0,326.74
1685491200,332.29,335.94,327.33,328.39,45950600.0,323.96
1685577600,325.93,333.53,324.72,332.58,26773900.0,328.09
1685664000,334.25,337.5,332.55,335.4,25864000.0,330.87
1685923200,335.22,338.56,334.66,335.94,21307100.0,331.4
1686009600,335.33,335.37,332.17,333.68,20396200.0,329.17
1686096000,331.65,334.49,322.5,323.38,40717100.0,319.01
1686182400,323.94,326.64,323.35,325.26,23277700.0,320.87
1686268800,324.99,329.99,324.41,326.79,22514900.0,322.38
1686528000,328.58,332.1,325.16,331.85,24260300.0,327.37
1686614400,334.47,336.98,330.39,334.29,22951300.0,329.78
1686700800,334.34,339.04,332.81,337.34,26003800.0,332.78
1686787200,337.48,349.84,337.2,348.1,38899100.0,343.4
1686873600,351.32,351.47,341.95,342.33,46533600.0,337.71
1687219200,339.31,342.08,335.86,338.05,26375400.0,333.49
1687305600,336.37,337.73,332.07,333.56,25117800.0,329.06
1687392000,334.12,340.12,333.34,339.71,23556800.0,335.12
1687478400,334.36,337.96,333.45,335.02,23084700.0,330.5
1687737600,333.72,336.11,328.49,328.6,21520600.0,324.16
1687824000,331.86,336.15,329.3,334.57,24354100.0,330.05
1687910400,334.66,337.98,333.81,335.85,20259500.0,331.31
1687996800,334.71,336.11,332.62,335.05,16997000.0,330.53
1688083200,337.75,342.73,337.2,340.54,26823800.0,335.94
1688342400,339.19,340.9,336.57,337.99,12508700.0,333.43
1688515200,335.09,341.65,334.73,338.15,18172400.0,333.58
1688601600,337.3,342.99,335.5,341.27,28161200.0,336.66
1688688000,339.32,341.79,337.0,337.22,21185300.0,332.67
1688947200,334.6,335.23,327.59,331.83,32791400.0,327.35
1689033600,331.06,332.86,327.0,332.47,26698200.0,327.98
1689120000,336.6,341.65,335.67,337.2,29995300.0,332.65
1689206400,339.56,343.74,339.02,342.66,20567200.0,338.03
1689292800,347.59,351.43,344.31,345.24,28302200.0,340.58
1689552000,345.68,346.99,342.2,345.73,20363900.0,341.06
1689638400,345.83,366.78,342.17,359.49,64872700.0,354.64
1689724800,361.75,362.46,352.44,355.08,39732900.0,350.29
1689811200,353.57,357.97,345.37,346.87,33778400.0,342.19
1689897600,349.15,350.3,339.83,343.77,69368900.0,339.13
1690156800,345.85,346.92,342.31,345.11,26678100.0,340.45
1690243200,347.11,351.89,345.07,350.98,41637700.0,346.24
1690329600,341.44,344.67,333.11,337.77,58383700.0,333.21
1690416000,340.48,341.33,329.05,330.72,39635300.0,326.25
1690502400,333.67,340.01,333.17,338.37,28484900.0,333.8
1690761600,336.92,337.7,333.36,335.92,25446000.0,331.38
1690848000,335.19,338.54,333.7,336.34,18311900.0,331.8
1690934400,333.63,333.63,326.36,327.5,27761300.0,323.08
1691020800,326.0,329.88,325.95,326.66,18253700.0,322.25
1691107200,331.88,335.14,327.24,327.78,23727700.0,323.35
1691366400,328.37,331.11,327.52,330.11,17741500.0,325.65
1691452800,326.96,328.75,323.0,326.05,22327600.0,321.65
1691539200,326.47,327.11,321.05,322.23,22373300.0,317.88
1691625600,326.02,328.26,321.18,322.93,20113700.0,318.57
1691712000,320.26,322.41,319.21,321.01,24342600.0,316.68
1691971200,321.39,324.06,320.08,324.04,18836100.0,319.66
1692057600,323.0,325.09,320.9,321.86,16966300.0,317.51
1692144000,320.8,324.42,319.8,320.4,20698900.0,316.74
1692230400,320.54,321.87,316.21,316.88,21257200.0,313.26
1692316800,314.49,318.38,311.55,316.48,24744800.0,312.87
1692576000,317.93,322.77,317.04,321.88,24040000.0,318.21
1692662400,325.5,326.08,321.46,322.46,16102000.0,318.78
1692748800,323.82,329.2,323.46,327.0,21166400.0,323.27
1692835200,332.85,332.98,319.96,319.97,23281400.0,316.32
1692921600,321.47,325.36,318.8,322.98,21684100.0,319.29
1693180800,325.66,326.15,321.72,323.7,14808500.0,320.0
1693267200,321.88,328.98,321.88,328.41,19284600.0,324.66
1693353600,328.67,329.81,326.45,328.79,15222100.0,325.04
1693440000,329.2,330.91,326.78,327.76,26411000.0,324.02
1693526400,331.31,331.99,326.78,328.66,14931200.0,324.91
1693872000,329.0,334.85,328.66,333.55,18553900.0,329.74
1693958400,333.38,334.46,330.18,332.88,17535800.0,329.08
1694044800,331.29,333.08,329.03,329.91,18381000.0,326.14
1694131200,330.09,336.16,329.46,334.27,19530100.0,330.45
1694390400,337.24,338.42,335.43,337.94,16583300.0,334.08
1694476800,335.82,336.79,331.48,331.77,17565500.0,327.98
1694563200,331.31,336.85,331.17,336.06,16544400.0,332.22
1694649600,339.15,340.86,336.57,338.7,20267000.0,334.83
1694736000,336.92,337.4,329.65,330.22,37666900.0,326.45
1694995200,327.8,330.4,326.36,329.06,16834200.0,325.3
1695081600,326.17,329.39,324.51,328.65,16505900.0,324.9
1695168000,329.51,329.59,320.51,320.77,21436500.0,317.11
1695254400,319.26,325.35,315.0,319.53,35529500.0,315.88
1695340800,321.32,321.45,316.15,317.01,21447900.0,313.39
1695600000,316.59,317.67,315.0,317.54,17836000.0,313.92
1695686400,315.13,315.88,310.02,312.14,26297600.0,308.58
1695772800,312.3,314.3,309.69,312.79,19410100.0,309.22
1695859200,310.99,315.48,309.45,313.64,19683600.0,310.06
1695945600,317.75,319.47,314.98,315.75,24140300.0,312.15
1696204800,316.28,321.89,315.18,321.8,20570000.0,318.13
1696291200,320.83,321.39,311.21,313.39,21033500.0,309.81
1696377600,314.03,320.04,314.0,318.96,20720100.0,315.32
1696464000,319.09,319.98,314.9,319.36,16965600.0,315.71
1696550400,316.55,329.19,316.3,327.26,25645500.0,323.52
1696809600,324.75,330.3,323.18,329.82,19891200.0,326.06
1696896000,330.96,331.1,327.67,328.39,20557100.0,324.64
1696982400,331.21,332.82,329.14,332.42,20063200.0,328.63
1697068800,330.57,333.63,328.72,331.16,19313100.0,327.38
1697155200,332.38,333.83,326.36,327.73,21072400.0,323.99
1697414400,331.05,336.14,330.6,332.64,22158000.0,328.84
1697500800,329.59,333.46,327.41,332.06,18338500.0,328.27
1697587200,332.49,335.59,328.3,330.11,23153600.0,326.34
1697673600,332.15,336.88,330.91,331.32,25052100.0,327.54
1697760000,331.72,331.92,325.45,326.67,25012600.0,322.94
1698019200,325.47,332.73,324.39,329.32,24374700.0,325.56
1698105600,331.3,331.84,327.6,330.53,31153600.0,326.76
1698192000,345.02,346.2,337.62,340.67,55053800.0,336.78
1698278400,340.54,341.63,326.94,327.89,37828500.0,324.15
1698364800,330.43,336.72,328.4,329.81,29856500.0,326.05
1698624000,333.41,339.45,331.83,337.31,22828100.0,333.46
1698710400,338.85,339.0,334.69,338.11,20265300.0,334.25
1698796800,339.79,347.42,339.65,346.07,28158800.0,342.12
1698883200,347.24,348.83,344.77,348.32,24348100.0,344.34
1698969600,349.63,354.39,347.33,352.8,23624000.0,348.77
1699228800,353.45,357.54,353.35,356.53,23828300.0,352.46
1699315200,359.4,362.46,357.63,360.53,25833900.0,356.41
1699401600,361.68,363.87,360.55,363.2,26767800.0,359.05
1699488000,362.3,364.79,360.36,360.69,24847300.0,356.57
1699574400,361.49,370.1,361.07,369.67,28042100.0,365.45
1699833600,368.22,368.47,365.9,366.68,19986500.0,362.49
1699920000,371.01,371.95,367.35,370.27,27683900.0,366.04
1700006400,371.28,373.13,367.11,369.67,26860100.0,366.19
1700092800,370.96,376.35,370.18,376.17,27182300.0,372.63
1700179200,373.61,374.37,367.0,369.85,40157000.0,366.37
1700438400,371.22,378.87,371.0,377.44,52465100.0,373.89
1700524800,375.67,376.22,371.12,373.07,28423100.0,369.56
1700611200,378.0,379.79,374.97,377.85,23345300.0,374.29
1700784000,377.33,377.97,375.14,377.43,10176600.0,373.88
1701043200,376.78,380.64,376.2,378.61,22179200.0,375.05
1701129600,378.35,383.0,378.16,382.7,20453100.0,379.1
1701216000,383.76,384.3,377.44,378.85,28963400.0,375.29
1701302400,378.49,380.09,375.47,378.91,30554400.0,375.35
1701388800,376.76,378.16,371.31,374.51,33020400.0,370.99
1701648000,369.1,369.52,362.9,369.14,32063300.0,365.67
1701734400,366.45,373.08,365.62,372.52,23065000.0,369.02
1701820800,373.54,374.18,368.03,368.8,21182100.0,365.33
1701907200,368.23,371.45,366.32,370.95,23118900.0,367.46
1701993600,369.2,374.46,368.23,374.23,20144800.0,370.71
1702252800,368.48,371.6,366.1,371.3,27708800.0,367.81
1702339200,370.85,374.42,370.46,374.38,24838300.0,370.86
1702425600,376.02,377.64,370.77,374.37,30955500.0,370.85
1702512000,373.31,373.76,364.13,365.93,43277500.0,362.49
1702598400,366.85,372.4,366.28,370.73,78478200.0,367.24
1702857600,369.45,373.0,368.68,372.65,21802900.0,369.14
1702944000,371.49,373.26,369.84,373.26,20603700.0,369.75
1703030400,375.0,376.03,370.53,370.62,26316700.0,367.13
1703116800,372.56,374.41,370.04,373.54,17708000.0,370.03
1703203200,373.68,375.18,372.71,374.58,17091100.0,371.06
1703548800,375.0,376.94,373.5,374.66,12673100.0,371.13
1703635200,373.69,375.06,372.81,374.07,14905400.0,370.55
1703721600,375.37,376.46,374.16,375.28,14327000.0,371.75
1703808000,376.0,377.16,373.48,376.04,18723000.0,372.5
1704153600,373.86,375.9,366.77,370.87,25258600.0,367.38
1704240000,369.01,373.26,368.51,370.6,23083500.0,367.11
1704326400,370.67,373.1,367.17,367.94,20901500.0,364.48
1704412800,368.97,372.06,366.5,367.75,20987000.0,364.29
1704672000,369.3,375.2,369.01,374.69,23134000.0,371.16
1704758400,372.01,375.99,371.19,375.79,20830000.0,372.25
1704844800,376.37,384.17,376.32,382.77,25514200.0,379.17
1704931200,386.0,390.68,380.38,384.63,27850800.0,381.01
1705017600,385.49,388.68,384.65,388.47,21645700.0,384.82
1705363200,393.66,394.03,387.62,390.27,27202300.0,386.6
1705449600,387.98,390.11,384.81,389.47,22234100.0,385.81
1705536000,391.72,393.99,390.12,393.87,23392100.0,390.16
1705622400,395.76,398.67,393.5,398.67,29272000.0,394.92
1705881600,400.02,400.62,393.59,396.51,27016900.0,392.78
1705968000,395.75,399.38,393.93,398.9,20525900.0,395.15
1706054400,401.54,405.63,400.45,402.56,24867000.0,398.77
1706140800,404.32,407.01,402.53,404.87,21021200.0,401.06
1706227200,404.37,406.17,402.43,403.93,17803300.0,400.13
1706486400,406.06,409.98,404.33,409.72,24510200.0,405.87
1706572800,412.26,413.05,406.45,408.59,33477600.0,404.75
1706659200,406.96,415.32,397.21,397.58,47871100.0,393.84
1706745600,401.83,408.0,401.8,403.78,30657700.0,399.98
1706832000,403.81,412.65,403.56,411.22,28245000.0,407.35
1707091200,409.9,411.16,403.99,405.65,25352300.0,401.83
1707177600,405.88,407.97,402.91,405.49,18382600.0,401.67
1707264000,407.44,414.3,407.4,414.05,22340500.0,410.15
1707350400,414.05,415.56,412.53,414.11,21225300.0,410.21
1707436800,415.25,420.82,415.09,420.55,22032800.0,416.59
1707696000,420.56,420.74,414.75,415.26,21202900.0,411.35
1707782400,404.94,410.07,403.39,406.32,27824900.0,402.5
1707868800,408.07,409.84,404.57,409.49,20401200.0,406.39
1707955200,408.14,409.13,404.29,406.56,21825500.0,403.48
1708041600,407.96,408.29,403.44,404.06,22281100.0,401.0
1708387200,403.24,404.49,398.01,402.79,24307900.0,399.74
1708473600,400.17,402.29,397.22,402.18,18631100.0,399.13
1708560000,410.19,412.83,408.57,411.65,27009900.0,408.53
1708646400,415.67,415.86,408.97,410.34,16295900.0,407.23
1708905600,411.46,412.16,407.36,407.54,16193500.0,404.45
1708992000,407.99,408.32,403.85,407.48,14835800.0,404.39
1709078400,408.18,409.3,405.32,407.72,13183100.0,404.63
1709164800,408.64,414.2,405.92,413.64,31947300.0,410.51
1709251200,411.27,415.87,410.88,415.5,17800300.0,412.35
1709510400,413.44,417.35,412.32,414.92,17596000.0,411.78
1709596800,413.96,414.25,400.64,402.65,26919200.0,399.6
1709683200,402.97,405.16,398.39,402.09,22344100.0,399.04
1709769600,406.12,409.78,402.24,409.14,18718500.0,406.04
1709856000,407.96,410.42,404.33,406.22,17971700.0,403.14
1710115200,403.76,405.68,401.26,404.52,16120800.0,401.46
1710201600,407.62,415.57,406.79,415.28,22457000.0,412.13
1710288000,418.1,418.18,411.45,415.1,17115900.0,411.95
1710374400,420.24,427.82,417.99,425.22,34157300.0,422.0
1710460800,419.29,422.6,412.79,416.42,45049800.0,413.26
1710720000,414.25,420.73,413.78,417.32,20106000.0,414.16
1710806400,417.83,421.67,415.55,421.41,19837900.0,418.22
1710892800,422.0,425.96,420.66,425.23,17860100.0,422.01
1710979200,429.83,430.82,427.16,429.37,21296200.0,426.12
1711065600,429.7,429.86,426.07,428.74,17636500.0,425.49
1711324800,425.24,427.41,421.61,422.86,18060500.0,419.66
1711411200,425.61,425.99,421.35,421.65,16725600.0,418.46
1711497600,424.44,424.45,419.01,421.43,16705000.0,418.24
1711584000,420.96,421.87,419.12,420.72,21871200.0,417.53
1711929600,423.95,427.89,422.22,424.57,16316000.0,421.35
1712016000,420.11,422.38,417.84,421.44,17912000.0,418.25
1712102400,419.73,423.26,419.09,420.45,16502300.0,417.26
1712188800,424.99,428.67,417.57,417.88,19370900.0,414.71
1712275200,420.01,426.51,418.32,425.52,16544300.0,422.3
1712534400,425.17,427.28,423.3,424.59,14272400.0,421.37
1712620800,426.44,427.74,421.62,426.28,12512300.0,423.05
1712707200,422.19,424.03,419.7,423.26,16216600.0,420.05
1712793600,425.82,429.37,422.36,427.93,17966400.0,424.69
1712880000,424.05,425.18,419.77,421.9,19232100.0,418.7
1713139200,426.6,426.82,413.43,413.64,20273500.0,410.51
1713225600,414.57,418.4,413.73,414.58,16765600.0,411.44
1713312000,417.25,418.88,410.33,411.84,15855500.0,408.72
1713398400,410.63,411.89,403.95,404.27,21029900.0,401.21
1713484800,404.03,405.48,397.77,399.12,30276500.0,396.1
1713744000,400.08,402.85,395.75,400.96,20286900.0,397.92
1713830400,404.24,408.2,403.06,407.57,15734500.0,404.48
1713916800,409.56,412.47,406.78,409.06,15065300.0,405.96
1714003200,394.03,399.89,388.03,399.04,40586500.0,396.02
1714089600,412.17,413.0,405.76,406.32,29694700.0,403.24
1714348800,405.25,406.32,399.19,402.25,19582100.0,399.2
1714435200,401.49,402.16,389.17,389.33,28781400.0,386.38
1714521600,392.61,401.72,390.31,394.94,23562500.0,391.95
1714608000,397.66,399.93,394.65,397.84,17709400.0,394.83
1714694400,402.28,407.15,401.86,406.66,17446700.0,403.58
1714953600,408.76,413.93,406.37,413.54,16996600.0,410.41
1715040000,414.66,414.67,409.09,409.34,20018200.0,406.24
1715126400,408.17,412.23,406.71,410.54,11792300.0,407.43
1715212800,410.57,412.72,409.1,412.32,14689700.0,409.2
1715299200,412.94,415.38,411.8,414.74,13402300.0,411.6
1715558400,418.01,418.35,410.82,413.72,15440200.0,410.59
1715644800,412.02,417.49,411.55,416.56,15109300.0,413.4
1715731200,417.9,423.81,417.27,423.08,22239500.0,420.63
1715817600,421.8,425.42,420.35,420.99,17530100.0,418.55
1715904000,422.54,422.92,418.03,420.21,15352200.0,417.78
1716163200,420.21,426.77,419.99,425.34,16272100.0,422.88
1716249600,426.83,432.97,424.85,429.04,21453300.0,426.56
1716336000,430.09,432.41,427.13,430.52,18073700.0,428.03
1716422400,432.97,433.6,425.42,427.0,17211700.0,424.53
1716508800,427.19,431.06,424.41,430.16,11845800.0,427.67
1716854400,429.63,430.82,426.6,430.32,15718000.0,427.83
1716940800,425.69,430.94,425.69,429.17,15517100.0,426.69
1717027200,424.3,424.3,414.24,414.67,28424800.0,412.27
1717113600,416.75,416.75,404.51,415.13,47995300.0,412.73
1717372800,415.53,416.43,408.92,413.52,17484700.0,411.13
1717459200,412.43,416.44,409.68,416.07,14348900.0,413.66
1717545600,417.81,424.08,416.3,424.01,16988000.0,421.56
1717632000,424.01,425.31,420.58,424.52,14861300.0,422.06
1717718400,426.2,426.28,423.0,423.85,13621700.0,421.4
1717977600,424.7,428.08,423.89,427.87,14003000.0,425.39
1718064000,425.48,432.82,425.25,432.68,14551100.0,430.18
1718150400,435.32,443.4,433.25,441.06,22366200.0,438.51
1718236800,440.85,443.39,439.37,441.58,15960600.0,439.02
1718323200,438.28,443.14,436.72,442.57,13582000.0,440.01
1718582400,442.59,450.94,440.72,448.37,20790000.0,445.78
1718668800,449.71,450.14,444.89,446.34,17112500.0,443.76
1718841600,446.3,446.53,441.27,445.7,19877400.0,443.12
1718928000,447.38,450.58,446.51,449.78,34486200.0,447.18
1719187200,449.8,452.75,446.41,447.67,15913700.0,445.08
1719273600,448.25,451.42,446.75,450.95,16747500.0,448.34
1719360000,449.0,453.6,448.19,452.16,16507000.0,449.54
1719446400,452.18,456.17,451.77,452.85,14806300.0,450.23
1719532800,453.07,455.38,446.41,446.95,28362300.0,444.36
1719792000,448.66,457.37,445.66,456.73,17662800.0,454.09
1719878400,453.2,459.59,453.11,459.28,13979800.0,456.62
1719964800,458.19,461.02,457.88,460.77,9932800.0,458.1
1720137600,459.61,468.35,458.97,467.56,16000300.0,464.85
1720396800,466.55,467.7,464.46,466.24,12962300.0,463.54
1720483200,467.0,467.33,458.0,459.54,17207200.0,456.88
1720569600,461.22,466.46,458.86,466.25,18196100.0,463.55
1720656000,462.98,464.78,451.55,454.7,23111200.0,452.07
1720742400,454.33,456.36,450.65,453.55,16324300.0,450.93
1721001600,453.3,457.26,451.43,453.96,14429400.0,451.33
1721088000,454.22,454.3,446.66,449.52,17175700.0,446.92
1721174400,442.59,444.85,439.18,443.52,21778000.0,440.95
1721260800,444.34,444.65,434.4,440.37,20794800.0,437.82
1721347200,433.1,441.14,432.0,437.11,20940400.0,434.58
1721606400,441.79,444.6,438.91,442.94,15808800.0,440.38
1721692800,443.9,448.39,443.1,444.85,13107100.0,442.28
1721779200,440.45,441.48,427.59,428.9,26805800.0,426.42
1721865600,428.8,429.8,417.51,418.4,29943800.0,415.98
1721952000,418.2,428.92,417.27,425.27,23583800.0,422.81
1722211200,431.58,432.15,424.7,426.73,15125800.0,424.26
1722297600,427.72,429.05,417.36,422.92,32687600.0,420.47
1722384000,420.5,421.78,412.21,418.35,42891400.0,415.93
1722470400,420.79,427.46,413.09,417.11,30296400.0,414.7
1722556800,412.49,415.0,404.34,408.49,29437900.0,406.13
1722816000,389.17,401.04,385.58,395.15,40709200.0,392.86
1722902400,400.0,405.67,398.5,399.61,24946500.0,397.3
1722988800,408.64,410.08,397.47,398.43,20650900.0,396.12
1723075200,402.44,405.86,399.94,402.69,20203000.0,400.36
1723161600,404.03,408.05,402.26,406.02,19276700.0,403.67
1723420800,407.06,408.76,404.24,406.81,16762900.0,404.46
1723507200,409.59,414.95,409.57,414.01,19414300.0,411.61
1723593600,414.8,417.72,412.45,416.86,18267000.0,414.45
1723680000,419.8,421.11,417.66,421.03,20752100.0,419.35
1723766400,420.6,421.34,417.3,418.47,22775600.0,416.8
1724025600,418.96,421.75,416.46,421.53,15234000.0,419.85
1724112000,421.7,425.86,421.64,424.8,16387600.0,423.1
1724198400,424.08,426.4,421.72,424.14,16067300.0,422.45
1724284800,424.36,426.79,414.61,415.55,19361900.0,413.89
1724371200,416.98,419.26,412.09,416.79,18493800.0,415.13
1724630400,416.37,417.28,411.34,413.49,13152800.0,411.84
1724716800,412.86,414.36,410.25,413.84,13492900.0,412.19
1724803200,414.88,415.0,407.31,410.6,14882700.0,408.96
1724889600,414.94,422.05,410.6,413.12,17045200.0,411.47
1724976000,415.6,417.49,412.13,417.14,24308300.0,415.47
1725321600,417.91,419.88,407.03,409.44,20313600.0,407.8
1725408000,405.91,411.24,404.37,408.9,15135800.0,407.27
1725494400,407.62,413.1,406.13,408.39,14195500.0,406.76
1725580800,409.06,410.65,400.8,401.7,19609500.0,400.1
1725840000,407.24,408.65,402.15,405.72,15295100.0,404.1
1725926400,408.2,416.33,407.7,414.2,19594300.0,412.55
1726012800,415.5,423.99,409.58,423.04,19266900.0,421.35
1726099200,423.31,427.37,419.75,427.0,17418800.0,425.29
1726185600,425.83,431.83,425.46,430.59,15874600.0,428.87
1726444800,430.6,433.53,428.22,431.34,13834700.0,429.62
1726531200,440.23,441.85,432.27,435.15,18874200.0,433.41
1726617600,435.0,436.03,430.41,430.81,18898000.0,429.09
1726704000,441.23,441.5,436.9,438.69,21706600.0,436.94
1726790400,437.22,439.24,434.22,435.27,55167100.0,433.53
1727049600,434.28,436.46,430.39,433.51,15128900.0,431.78
1727136000,433.0,433.35,426.1,429.17,17015800.0,427.46
1727222400,429.83,433.12,428.57,432.11,13396400.0,430.38
1727308800,435.09,435.3,429.13,431.31,14492000.0,429.59
1727395200,431.52,431.85,427.47,428.02,14896100.0,426.31
1727654400,428.21,430.42,425.37,430.3,16807300.0,428.58
1727740800,428.45,428.48,418.81,420.69,19092900.0,419.01
1727827200,422.58,422.82,416.71,417.13,16582300.0,415.46
1727913600,417.63,419.55,414.29,416.54,13686400.0,414.88
1728000000,418.24,419.75,414.97,416.06,19169700.0,414.4
1728259200,416.0,417.11,409.0,409.54,20919800.0,407.9
1728345600,410.9,415.66,408.17,414.71,19229300.0,413.05
1728432000,415.86,420.38,414.3,417.46,14974300.0,415.79
1728518400,415.23,417.35,413.15,415.84,13848400.0,414.18
1728604800,416.14,417.13,413.25,416.32,14144900.0,414.66
1728864000,417.77,424.04,417.52,419.14,16653100.0,417.47
1728950400,422.18,422.48,415.26,418.74,18900200.0,417.07
1729036800,415.17,416.36,410.48,416.12,15508900.0,414.46
1729123200,422.36,422.5,415.59,416.72,14820000.0,415.06
1729209600,417.14,419.65,416.26,418.16,17145300.0,416.49
1729468800,416.12,418.96,413.75,418.78,14206100.0,417.11
1729555200,418.49,430.58,418.04,427.51,25482200.0,425.8
1729641600,430.86,431.08,422.53,424.6,19654400.0,422.9
1729728000,425.33,425.98,422.4,424.73,13581600.0,423.03
1729814400,426.76,432.52,426.57,428.15,16899100.0,426.44
1730073600,431.66,431.94,426.3,426.59,14882400.0,424.89
1730160000,428.0,433.17,425.8,431.95,17644100.0,430.22
1730246400,437.44,438.5,432.1,432.53,29749100.0,430.8
1730332800,415.36,416.16,406.3,406.35,53971000.0,404.73
1730419200,409.01,415.5,407.5,410.37,24230400.0,408.73
1730678400,409.8,410.42,405.57,408.46,19672300.0,406.83
1730764800,408.37,414.9,408.08,411.46,17626000.0,409.82
1730851200,412.42,420.45,410.52,420.18,26681800.0,418.5
1730937600,421.28,426.85,419.88,425.43,19901800.0,423.73
1731024000,425.32,426.5,421.78,422.54,16891400.0,420.85
1731283200,422.52,424.81,416.0,418.01,24503300.0,416.34
1731369600,418.25,424.44,417.2,423.03,19401200.0,421.34
1731456000,421.64,429.33,418.21,425.2,21502200.0,423.5
1731542400,425.0,428.17,420.0,426.89,30246900.0,425.18
1731628800,419.82,422.8,413.64,415.0,28247600.0,413.34
1731888000,414.87,418.4,412.1,415.76,24742000.0,414.1
1731974400,413.11,417.94,411.55,417.79,18133500.0,416.12
1732060800,416.87,417.29,410.58,415.49,19191700.0,413.83
1732147200,419.5,419.78,410.29,412.87,20780200.0,412.04
1732233600,411.37,417.4,411.06,417.0,24814600.0,416.17
1732492800,418.38,421.08,414.85,418.79,27691100.0,417.95
1732579200,419.59,429.04,418.85,427.99,23458900.0,427.13
1732665600,425.11,427.23,422.02,422.99,18332400.0,422.14
1732838400,420.09,424.88,417.8,423.46,16271900.0,422.61
1733097600,421.57,433.0,421.31,430.98,20207200.0,430.12
1733184000,429.84,432.47,427.74,431.2,18302000.0,430.34
1733270400,433.03,439.67,432.63,437.42,26009400.0,436.54
1733356800,437.92,444.66,436.17,442.62,21697800.0,441.73
1733443200,442.3,446.1,441.77,443.57,18821000.0,442.68
1733702400,442.6,448.33,440.5,446.02,19144400.0,445.13
1733788800,444.39,449.62,441.6,443.33,18469500.0,442.44
1733875200,444.05,450.35,444.05,448.99,19200200.0,448.09
1733961600,449.11,456.16,449.11,449.56,20834800.0,448.66
1734048000,448.44,451.43,445.58,447.27,20177800.0,446.37
1734307200,447.27,452.18,445.28,451.59,23598800.0,450.69
1734393600,451.01,455.29,449.57,454.46,22733500.0,453.55
1734480000,451.32,452.65,437.02,437.39,24444500.0,436.51
1734566400,441.62,443.18,436.32,437.03,22963700.0,436.16
1734652800,433.11,443.74,428.63,436.6,64263700.0,435.73
1734912000,436.74,437.65,432.83,435.25,19152500.0,434.38
1734998400,434.65,439.6,434.19,439.33,7164500.0,438.45
1735171200,439.08,440.94,436.63,438.11,8194200.0,437.23
1735257600,434.6,435.22,426.35,430.53,18117700.0,429.67
1735516800,426.06,427.55,421.9,424.83,13158700.0,423.98
